horizon,model,RMSE_state,MAE_state,R2_mean,RMSE_x,MAE_x,R2_x,RMSE_y,MAE_y,R2_y,RMSE_z,MAE_z,R2_z
10,Linear Regression,4.69764468243091,5.80722238991057,0.902783150541273,0.538349939153904,0.448108014745421,0.99528802257357,2.61943754279788,2.17844130996488,0.915098225551594,3.86220039158578,3.18067306520026,0.797963203498655
10,Random Forest,0.237161004958129,0.298333252806374,0.999746878770525,0.0983517099644227,0.0694782273253966,0.999842732966541,0.15656935142465,0.121943508492672,0.999696670829964,0.148520441738799,0.106911516988305,0.999701232515071
10,MLP,0.0432902390839121,0.0564310925056605,0.999991589550624,0.0167426562662767,0.0129612410033776,0.999995442542926,0.0279148361698029,0.0216246153084136,0.999990357917604,0.0285392743899463,0.0218452361938693,0.999988968191341
100,Linear Regression,14.9399717438764,21.1325865406733,-0.0269969552953055,8.20517016823436,6.72099298826124,-0.0872237114970278,9.47636033832496,7.26301762130646,-0.104840359753773,8.12874731778295,7.14857593110563,0.111073205364885
100,Random Forest,2.67730596438421,2.33348248185262,0.968334105423738,0.996948643988548,0.55783642725336,0.983949472698673,1.8911680528427,0.943240993373815,0.955997571752776,1.61168980392748,0.83240506122545,0.965055271819766
100,MLP,1.66965608080601,1.66975492923156,0.987596246979623,0.500284110454977,0.32458655555504,0.995958178315171,0.917092181146841,0.615362945286717,0.98965233454298,1.3024627320112,0.729805428389807,0.977178228080718
500,Linear Regression,15.387293857675,21.607380040154,-0.100503817654803,8.35207338130926,6.70468294643321,-0.151571646153613,9.52418118835853,7.32617046461091,-0.133570747678297,8.73508186492743,7.57652662910991,-0.0163690591324979
500,Random Forest,14.6635888358933,18.6087455729649,-0.000954556497655042,8.30075301824279,6.12570385581209,-0.137463172377993,9.91335640936341,7.29536530425689,-0.228102946487725,6.91691416595595,5.18767641289588,0.362702449372753
500,MLP,15.4668151653149,20.5705112150675,-0.111690643163432,8.61626629824717,6.87036611822796,-0.225576955754034,10.343721740734,7.82375246707732,-0.337047974532521,7.61509993276335,5.8763926297622,0.22755300079626
