model,step,cumulative_rmse
Baseline_LSTM,1,0.743050709368117
Baseline_LSTM,2,0.833218433411112
Baseline_LSTM,3,0.920934524349791
Baseline_LSTM,4,1.0063438782606
Baseline_LSTM,5,1.08844649426
Baseline_LSTM,6,1.16695262774768
Baseline_LSTM,7,1.24212189589125
Baseline_LSTM,8,1.31494990804776
Baseline_LSTM,9,1.38708007835233
Baseline_LSTM,10,1.46080286440595
Baseline_LSTM,11,1.53887521669015
Baseline_LSTM,12,1.62428837726101
Baseline_LSTM,13,1.72010792349599
Baseline_LSTM,14,1.82912310808244
Baseline_LSTM,15,1.95358982311016
Baseline_LSTM,16,2.09504765120905
Baseline_LSTM,17,2.25408759012622
Baseline_LSTM,18,2.43046482712402
Baseline_LSTM,19,2.62314359121181
Baseline_LSTM,20,2.83036606602282
Baseline_LSTM,21,3.04989560931673
Baseline_LSTM,22,3.27918152425984
Baseline_LSTM,23,3.51557209645687
Baseline_LSTM,24,3.75636687880261
Baseline_LSTM,25,3.99904728997606
Baseline_LSTM,26,4.24127627015013
Baseline_LSTM,27,4.48094894849269
Baseline_LSTM,28,4.71624471039561
Baseline_LSTM,29,4.94563523683103
Baseline_LSTM,30,5.16786766727055
Baseline_LSTM,31,5.38190287753866
Baseline_LSTM,32,5.58694520962873
Baseline_LSTM,33,5.78234157395457
Baseline_LSTM,34,5.96760418611546
Baseline_LSTM,35,6.14237244154161
Baseline_LSTM,36,6.30639323981875
Baseline_LSTM,37,6.45950231528217
Baseline_LSTM,38,6.60162612661953
Baseline_LSTM,39,6.73272500853816
Baseline_LSTM,40,6.85287815728476
Baseline_LSTM,41,6.96223832701547
Baseline_LSTM,42,7.06098750858875
Baseline_LSTM,43,7.14940305496381
Baseline_LSTM,44,7.22785475548092
Baseline_LSTM,45,7.29678045526607
Baseline_LSTM,46,7.35669566671748
Baseline_LSTM,47,7.40818294210635
Baseline_LSTM,48,7.45190052751187
Baseline_LSTM,49,7.48858211878972
Baseline_LSTM,50,7.51902225768933
Baseline_LSTM,51,7.54406039186686
Baseline_LSTM,52,7.56456955970898
Baseline_LSTM,53,7.58147159236521
Baseline_LSTM,54,7.59566675781799
Baseline_LSTM,55,7.60806910728841
Baseline_LSTM,56,7.619568898455
Baseline_LSTM,57,7.63101384358776
Baseline_LSTM,58,7.64319484329892
Baseline_LSTM,59,7.65683708485105
Baseline_LSTM,60,7.67259688191043
Baseline_LSTM,61,7.69104404406803
Baseline_LSTM,62,7.71267525297525
Baseline_LSTM,63,7.73789799440227
Baseline_LSTM,64,7.76703530053795
Baseline_LSTM,65,7.80033522530767
Baseline_LSTM,66,7.83797094719331
Baseline_LSTM,67,7.88005827686801
Baseline_LSTM,68,7.92665754945927
Baseline_LSTM,69,7.97777817855914
Baseline_LSTM,70,8.03339522155137
Baseline_LSTM,71,8.09345956025639
Baseline_LSTM,72,8.15788306743324
Baseline_LSTM,73,8.2265522036562
Baseline_LSTM,74,8.29934634573686
Baseline_LSTM,75,8.37612328320835
Baseline_LSTM,76,8.45670770951869
Baseline_LSTM,77,8.54088271916225
Baseline_LSTM,78,8.62839273273134
Baseline_LSTM,79,8.718920148327
Baseline_LSTM,80,8.81208270860135
Baseline_LSTM,81,8.90741451897662
Baseline_LSTM,82,9.00439323580451
Baseline_LSTM,83,9.10242252661488
Baseline_LSTM,84,9.20087269454939
Baseline_LSTM,85,9.29909814600418
Baseline_LSTM,86,9.39652241667107
Baseline_LSTM,87,9.49262915218286
Baseline_LSTM,88,9.58703561437303
Baseline_LSTM,89,9.67945782009672
Baseline_LSTM,90,9.76970877185692
Baseline_LSTM,91,9.8576949831971
Baseline_LSTM,92,9.94344121951097
Baseline_LSTM,93,10.0270008124427
Baseline_LSTM,94,10.1085046742523
Baseline_LSTM,95,10.1880805750507
Baseline_LSTM,96,10.2658598719207
Baseline_LSTM,97,10.3419324378443
Baseline_LSTM,98,10.4163531609522
Baseline_LSTM,99,10.4890935674933
Baseline_LSTM,100,10.560054465967
Baseline_LSTM,101,10.629036669693
Baseline_LSTM,102,10.6957963762055
Baseline_LSTM,103,10.7600187123643
Baseline_LSTM,104,10.821380640129
Baseline_LSTM,105,10.8795456785326
Baseline_LSTM,106,10.9341850369611
Baseline_LSTM,107,10.985013696721
Baseline_LSTM,108,11.031799031108
Baseline_LSTM,109,11.0743543657079
Baseline_LSTM,110,11.1125594616089
Baseline_LSTM,111,11.1463767312315
Baseline_LSTM,112,11.1758476483068
Baseline_LSTM,113,11.2011127635161
Baseline_LSTM,114,11.2224026616564
Baseline_LSTM,115,11.2400336620763
Baseline_LSTM,116,11.254402064111
Baseline_LSTM,117,11.2659461277459
Baseline_LSTM,118,11.2751354989572
Baseline_LSTM,119,11.2824402941972
Baseline_LSTM,120,11.2883165851576
Baseline_LSTM,121,11.293180377614
Baseline_LSTM,122,11.2974120057663
Baseline_LSTM,123,11.3013448532675
Baseline_LSTM,124,11.3052728346845
Baseline_LSTM,125,11.3094575360819
Baseline_LSTM,126,11.3141232142614
Baseline_LSTM,127,11.3194720464539
Baseline_LSTM,128,11.3256841387851
Baseline_LSTM,129,11.3329202763873
Baseline_LSTM,130,11.3413310424119
Baseline_LSTM,131,11.35104674653
Baseline_LSTM,132,11.362194303242
Baseline_LSTM,133,11.3748864174719
Baseline_LSTM,134,11.3892194643645
Baseline_LSTM,135,11.4052688606605
Baseline_LSTM,136,11.423080155271
Baseline_LSTM,137,11.4426747341512
Baseline_LSTM,138,11.4640339830694
Baseline_LSTM,139,11.4871065517057
Baseline_LSTM,140,11.5117932573318
Baseline_LSTM,141,11.5379625864617
Baseline_LSTM,142,11.5654452593181
Baseline_LSTM,143,11.5940496555268
Baseline_LSTM,144,11.6235676583778
Baseline_LSTM,145,11.6537860907897
Baseline_LSTM,146,11.6844913314336
Baseline_LSTM,147,11.715485538725
Baseline_LSTM,148,11.7465919690066
Baseline_LSTM,149,11.7776541873114
Baseline_LSTM,150,11.8085399312241
Baseline_LSTM,151,11.8391333136812
Baseline_LSTM,152,11.8693302203939
Baseline_LSTM,153,11.8990336432668
Baseline_LSTM,154,11.9281627729342
Baseline_LSTM,155,11.9566312295174
Baseline_LSTM,156,11.9843645278158
Baseline_LSTM,157,12.0112961683262
Baseline_LSTM,158,12.0373660096185
Baseline_LSTM,159,12.0625255157137
Baseline_LSTM,160,12.0867326734613
Baseline_LSTM,161,12.1099438401509
Baseline_LSTM,162,12.1321244150411
Baseline_LSTM,163,12.1532350818958
Baseline_LSTM,164,12.1732226797807
Baseline_LSTM,165,12.1920335969136
Baseline_LSTM,166,12.2096059792298
Baseline_LSTM,167,12.2258740558331
Baseline_LSTM,168,12.2407720224086
Baseline_LSTM,169,12.2542451100909
Baseline_LSTM,170,12.2662539425933
Baseline_LSTM,171,12.2767830340345
Baseline_LSTM,172,12.2858500713251
Baseline_LSTM,173,12.2935139569839
Baseline_LSTM,174,12.2998895606772
Baseline_LSTM,175,12.3051469016564
Baseline_LSTM,176,12.3095121317359
Baseline_LSTM,177,12.3132666284186
Baseline_LSTM,178,12.3167317259737
Baseline_LSTM,179,12.3202595919896
Baseline_LSTM,180,12.3242153371102
Baseline_LSTM,181,12.3289662550922
Baseline_LSTM,182,12.3348725742663
Baseline_LSTM,183,12.3422808330189
Baseline_LSTM,184,12.3515268776536
Baseline_LSTM,185,12.3629289764644
Baseline_LSTM,186,12.3767874120679
Baseline_LSTM,187,12.3933729027895
Baseline_LSTM,188,12.4129128953689
Baseline_LSTM,189,12.4355688903236
Baseline_LSTM,190,12.4614222986309
Baseline_LSTM,191,12.4904538365345
Baseline_LSTM,192,12.5225308480723
Baseline_LSTM,193,12.5574021061087
Baseline_LSTM,194,12.5947158974334
Baseline_LSTM,195,12.6340393602536
Baseline_LSTM,196,12.6749078275728
Baseline_LSTM,197,12.7168629843676
Baseline_LSTM,198,12.759507023198
Baseline_LSTM,199,12.8025247879151
Baseline_LSTM,200,12.8457047745312
Baseline_LSTM,201,12.8889454845625
Baseline_LSTM,202,12.9322532063748
Baseline_LSTM,203,12.9757265630994
Baseline_LSTM,204,13.0195390451673
Baseline_LSTM,205,13.0639337458807
Baseline_LSTM,206,13.1092031414083
Baseline_LSTM,207,13.155672908798
Baseline_LSTM,208,13.2036793255624
Baseline_LSTM,209,13.2535392643453
Baseline_LSTM,210,13.305525061277
Baseline_LSTM,211,13.3597991368016
Baseline_LSTM,212,13.4163806462731
Baseline_LSTM,213,13.4750908094262
Baseline_LSTM,214,13.5355429963307
Baseline_LSTM,215,13.5971630190885
Baseline_LSTM,216,13.6592357245266
Baseline_LSTM,217,13.7209925132368
Baseline_LSTM,218,13.7816759872115
Baseline_LSTM,219,13.8406114888955
Baseline_LSTM,220,13.8972445574655
Baseline_LSTM,221,13.9511635774609
Baseline_LSTM,222,14.0021026608733
Baseline_LSTM,223,14.0499553922583
Baseline_LSTM,224,14.0947510529801
Baseline_LSTM,225,14.136638847952
Baseline_LSTM,226,14.1758440692655
Baseline_LSTM,227,14.2126388124162
Baseline_LSTM,228,14.2472879024629
Baseline_LSTM,229,14.2800225156631
Baseline_LSTM,230,14.3110251005141
Baseline_LSTM,231,14.3404353557054
Baseline_LSTM,232,14.3683600875421
Baseline_LSTM,233,14.3948873036933
Baseline_LSTM,234,14.4200888269835
Baseline_LSTM,235,14.4440201663283
Baseline_LSTM,236,14.4667308282669
Baseline_LSTM,237,14.4882646373755
Baseline_LSTM,238,14.5086652925924
Baseline_LSTM,239,14.527978562898
Baseline_LSTM,240,14.5462613062099
Baseline_LSTM,241,14.5635765759824
Baseline_LSTM,242,14.5799909612864
Baseline_LSTM,243,14.5955801572837
Baseline_LSTM,244,14.6104226349739
Baseline_LSTM,245,14.6246039646595
Baseline_LSTM,246,14.638203609539
Baseline_LSTM,247,14.6513026483816
Baseline_LSTM,248,14.6639823247408
Baseline_LSTM,249,14.6763138549061
Baseline_LSTM,250,14.6883690100988
Baseline_LSTM,251,14.7002117232421
Baseline_LSTM,252,14.7119041928742
Baseline_LSTM,253,14.7235041072121
Baseline_LSTM,254,14.7350705688774
Baseline_LSTM,255,14.7466666196665
Baseline_LSTM,256,14.7583576755568
Baseline_LSTM,257,14.7702119356886
Baseline_LSTM,258,14.7823031350273
Baseline_LSTM,259,14.7947054003706
Baseline_LSTM,260,14.8074909856495
Baseline_LSTM,261,14.8207275728098
Baseline_LSTM,262,14.8344700585096
Baseline_LSTM,263,14.8487590899683
Baseline_LSTM,264,14.8636177567839
Baseline_LSTM,265,14.8790444640262
Baseline_LSTM,266,14.8950114298303
Baseline_LSTM,267,14.9114620929295
Baseline_LSTM,268,14.9283094781984
Baseline_LSTM,269,14.9454428633526
Baseline_LSTM,270,14.9627250449181
Baseline_LSTM,271,14.9799943827064
Baseline_LSTM,272,14.9970673904464
Baseline_LSTM,273,15.0137568277904
Baseline_LSTM,274,15.0298677049272
Baseline_LSTM,275,15.0452130432777
Baseline_LSTM,276,15.0596188783914
Baseline_LSTM,277,15.0729327125799
Baseline_LSTM,278,15.0850336431955
Baseline_LSTM,279,15.0958326840362
Baseline_LSTM,280,15.1052790172403
Baseline_LSTM,281,15.11335997203
Baseline_LSTM,282,15.1200938868771
Baseline_LSTM,283,15.1255278134697
Baseline_LSTM,284,15.1297330348541
Baseline_LSTM,285,15.1327979286333
Baseline_LSTM,286,15.1348236487534
Baseline_LSTM,287,15.135917682643
Baseline_LSTM,288,15.1361918820105
Baseline_LSTM,289,15.1357625725587
Baseline_LSTM,290,15.1347399919681
Baseline_LSTM,291,15.1332367553341
Baseline_LSTM,292,15.1313607271641
Baseline_LSTM,293,15.1292173023016
Baseline_LSTM,294,15.1269058508
Baseline_LSTM,295,15.1245233471263
Baseline_LSTM,296,15.1221593286448
Baseline_LSTM,297,15.1199007975399
Baseline_LSTM,298,15.1178314076755
Baseline_LSTM,299,15.1160300273726
Baseline_LSTM,300,15.1145694638011
Baseline_LSTM,301,15.1135192367604
Baseline_LSTM,302,15.1129438585219
Baseline_LSTM,303,15.1128991884995
Baseline_LSTM,304,15.1134361396112
Baseline_LSTM,305,15.1145998782463
Baseline_LSTM,306,15.1164234955911
Baseline_LSTM,307,15.1189338795637
Baseline_LSTM,308,15.1221444604389
Baseline_LSTM,309,15.1260579187167
Baseline_LSTM,310,15.1306641490805
Baseline_LSTM,311,15.1359399544727
Baseline_LSTM,312,15.1418488605327
Baseline_LSTM,313,15.1483450601818
Baseline_LSTM,314,15.1553654851077
Baseline_LSTM,315,15.1628387533583
Baseline_LSTM,316,15.1706837308749
Baseline_LSTM,317,15.1788115604625
Baseline_LSTM,318,15.18713043721
Baseline_LSTM,319,15.1955481367184
Baseline_LSTM,320,15.2039766456653
Baseline_LSTM,321,15.2123356156008
Baseline_LSTM,322,15.2205573915023
Baseline_LSTM,323,15.2285924400616
Baseline_LSTM,324,15.2364039213641
Baseline_LSTM,325,15.2439765853085
Baseline_LSTM,326,15.251311122117
Baseline_LSTM,327,15.2584270979039
Baseline_LSTM,328,15.2653527393604
Baseline_LSTM,329,15.2721245118927
Baseline_LSTM,330,15.2787849237871
Baseline_LSTM,331,15.2853716655357
Baseline_LSTM,332,15.2919179281649
Baseline_LSTM,333,15.29844856537
Baseline_LSTM,334,15.3049792387807
Baseline_LSTM,335,15.3115193105155
Baseline_LSTM,336,15.3180683716466
Baseline_LSTM,337,15.3246226343548
Baseline_LSTM,338,15.3311765472281
Baseline_LSTM,339,15.3377241004974
Baseline_LSTM,340,15.3442597523265
Baseline_LSTM,341,15.3507787023574
Baseline_LSTM,342,15.3572734601276
Baseline_LSTM,343,15.3637351604621
Baseline_LSTM,344,15.3701509517259
Baseline_LSTM,345,15.3765010578186
Baseline_LSTM,346,15.3827597353671
Baseline_LSTM,347,15.3888927443356
Baseline_LSTM,348,15.394861523169
Baseline_LSTM,349,15.4006222093777
Baseline_LSTM,350,15.4061289011478
Baseline_LSTM,351,15.4113340525593
Baseline_LSTM,352,15.416188164283
Baseline_LSTM,353,15.4206355845707
Baseline_LSTM,354,15.424617480164
Baseline_LSTM,355,15.4280695634011
Baseline_LSTM,356,15.4309220316594
Baseline_LSTM,357,15.4331021585057
Baseline_LSTM,358,15.4345429295957
Baseline_LSTM,359,15.4351861928712
Baseline_LSTM,360,15.434986040095
Baseline_LSTM,361,15.4339176552994
Baseline_LSTM,362,15.4319752820316
Baseline_LSTM,363,15.4291751183823
Baseline_LSTM,364,15.4255524687396
Baseline_LSTM,365,15.4211577237832
Baseline_LSTM,366,15.4160513319626
Baseline_LSTM,367,15.4103000049212
Baseline_LSTM,368,15.4039725989347
Baseline_LSTM,369,15.3971389175996
Baseline_LSTM,370,15.3898679278646
Baseline_LSTM,371,15.3822270120113
Baseline_LSTM,372,15.3742836789049
Baseline_LSTM,373,15.3661018037047
Baseline_LSTM,374,15.3577411410627
Baseline_LSTM,375,15.3492565511269
Baseline_LSTM,376,15.3406992714187
Baseline_LSTM,377,15.3321136024408
Baseline_LSTM,378,15.3235399217808
Baseline_LSTM,379,15.3150139543249
Baseline_LSTM,380,15.3065674749635
Baseline_LSTM,381,15.2982287566099
Baseline_LSTM,382,15.2900238642815
Baseline_LSTM,383,15.2819782621382
Baseline_LSTM,384,15.2741175622626
Baseline_LSTM,385,15.2664677108752
Baseline_LSTM,386,15.2590550325461
Baseline_LSTM,387,15.2519051840163
Baseline_LSTM,388,15.2450414380388
Baseline_LSTM,389,15.2384835771929
Baseline_LSTM,390,15.2322451755274
Baseline_LSTM,391,15.2263314052354
Baseline_LSTM,392,15.22073731317
Baseline_LSTM,393,15.2154456833837
Baseline_LSTM,394,15.2104279202973
Baseline_LSTM,395,15.2056474960049
Baseline_LSTM,396,15.2010599219524
Baseline_LSTM,397,15.1966206668156
Baseline_LSTM,398,15.1922890041885
Baseline_LSTM,399,15.1880349659519
Baseline_LSTM,400,15.1838427058321
Baseline_LSTM,401,15.1797107143919
Baseline_LSTM,402,15.1756513044114
Baseline_LSTM,403,15.1716860704161
Baseline_LSTM,404,15.1678406941776
Baseline_LSTM,405,15.1641358475652
Baseline_LSTM,406,15.1605834457127
Baseline_LSTM,407,15.1571811937436
Baseline_LSTM,408,15.1539115403787
Baseline_LSTM,409,15.1507452488875
Baseline_LSTM,410,15.1476429836236
Baseline_LSTM,411,15.1445619740171
Baseline_LSTM,412,15.1414615425217
Baseline_LSTM,413,15.1383082012963
Baseline_LSTM,414,15.1350775262148
Baseline_LSTM,415,15.1317533441143
Baseline_LSTM,416,15.128323159698
Baseline_LSTM,417,15.1247767141868
Baseline_LSTM,418,15.1210984621716
Baseline_LSTM,419,15.1172675802159
Baseline_LSTM,420,15.1132594172434
Baseline_LSTM,421,15.1090439839346
Baseline_LSTM,422,15.104592225701
Baseline_LSTM,423,15.099878773609
Baseline_LSTM,424,15.0948850337451
Baseline_LSTM,425,15.0896050140675
Baseline_LSTM,426,15.0840458892301
Baseline_LSTM,427,15.0782288568952
Baseline_LSTM,428,15.0721907821411
Baseline_LSTM,429,15.0659806330392
Baseline_LSTM,430,15.0596561118904
Baseline_LSTM,431,15.0532784846853
Baseline_LSTM,432,15.0469047619844
Baseline_LSTM,433,15.0405804250314
Baseline_LSTM,434,15.0343354357442
Baseline_LSTM,435,15.0281791593649
Baseline_LSTM,436,15.022101002302
Baseline_LSTM,437,15.0160679764234
Baseline_LSTM,438,15.0100287112458
Baseline_LSTM,439,15.0039181910173
Baseline_LSTM,440,14.997668353882
Baseline_LSTM,441,14.9912197336262
Baseline_LSTM,442,14.9845335931924
Baseline_LSTM,443,14.9775991291617
Baseline_LSTM,444,14.9704332012116
Baseline_LSTM,445,14.963067640158
Baseline_LSTM,446,14.9555408857778
Baseline_LSTM,447,14.947890912936
Baseline_LSTM,448,14.9401502852912
Baseline_LSTM,449,14.9323432624372
Baseline_LSTM,450,14.9244827707739
Baseline_LSTM,451,14.9165725553737
Baseline_LSTM,452,14.9086090154372
Baseline_LSTM,453,14.9005863925821
Baseline_LSTM,454,14.892504178678
Baseline_LSTM,455,14.8843724460618
Baseline_LSTM,456,14.8762162270457
Baseline_LSTM,457,14.8680731201399
Baseline_LSTM,458,14.8599885173269
Baseline_LSTM,459,14.8520099158522
Baseline_LSTM,460,14.8441833588269
Baseline_LSTM,461,14.8365500013553
Baseline_LSTM,462,14.8291472946089
Baseline_LSTM,463,14.8220122344699
Baseline_LSTM,464,14.8151824879091
Baseline_LSTM,465,14.8086980660359
Baseline_LSTM,466,14.802597628682
Baseline_LSTM,467,14.7969174829543
Baseline_LSTM,468,14.7916899939594
Baseline_LSTM,469,14.7869388729991
Baseline_LSTM,470,14.7826774915904
Baseline_LSTM,471,14.7789087970143
Baseline_LSTM,472,14.7756227473047
Baseline_LSTM,473,14.7728022333108
Baseline_LSTM,474,14.7704179002562
Baseline_LSTM,475,14.7684353190627
Baseline_LSTM,476,14.766811812561
Baseline_LSTM,477,14.7654995873874
Baseline_LSTM,478,14.7644437969864
Baseline_LSTM,479,14.7635861113572
Baseline_LSTM,480,14.762866111865
Baseline_LSTM,481,14.7622230350046
Baseline_LSTM,482,14.7615964149789
Baseline_LSTM,483,14.7609313954448
Baseline_LSTM,484,14.760180674555
Baseline_LSTM,485,14.7593102302013
Baseline_LSTM,486,14.758292809804
Baseline_LSTM,487,14.7571129333516
Baseline_LSTM,488,14.7557619432335
Baseline_LSTM,489,14.7542403108408
Baseline_LSTM,490,14.7525533132768
Baseline_LSTM,491,14.75070587518
Baseline_LSTM,492,14.7487098246386
Baseline_LSTM,493,14.7465723675464
Baseline_LSTM,494,14.7443057957437
Baseline_LSTM,495,14.7419198693331
Baseline_LSTM,496,14.7394230117705
Baseline_LSTM,497,14.7368246031505
Baseline_LSTM,498,14.7341330926884
Baseline_LSTM,499,14.7313567157086
Baseline_LSTM,500,14.7285032240686
